{
  "InfoLineOrders": {
    "infoFPS": 0,
    "infoGPU": 1,
    "infoMemoryUsage": 2,
    "infoTimeIRL": 3,
    "infoTimeWorld": 4,
    "infoWorldTimeFormatted": 5,
    "infoCoordinates": 6,
    "infoCoordinatesScaled": 7,
    "infoBlockPosition": 8,
    "infoChunkPosition": 9,
    "infoBlockInChunk": 10,
    "infoDimensionId": 11,
    "infoFacing": 12,
    "infoRotationYaw": 13,
    "infoRotationPitch": 14,
    "infoBlockBreakSpeed": 15,
    "infoPlayerExperience": 16,
    "infoSpeed": 17,
    "infoSpeedAxis": 18,
    "infoSpeedHV": 19,
    "infoSprinting": 20,
    "infoServerTPS": 21,
    "§6infoServux§r": 22,
    "infoPing": 23,
    "§6infoWeather§r": 24,
    "infoTimeTotalModulo": 25,
    "infoTimeDayModulo": 26,
    "§6infoMobCaps§r": 27,
    "infoParticleCount": 28,
    "infoDifficulty": 29,
    "infoEntities": 30,
    "infoEntitiesClientWorld": 31,
    "infoTileEntities": 32,
    "infoLightLevel": 33,
    "infoBiome": 34,
    "infoBiomeRegistryName": 35,
    "infoDistance": 36,
    "infoLoadedChunksCount": 37,
    "infoChunkSections": 38,
    "infoChunkSectionsLine": 39,
    "infoChunkUpdates": 40,
    "infoRegionFile": 41,
    "infoSlimeChunk": 42,
    "infoLookingAtBlock": 43,
    "infoLookingAtBlockInChunk": 44,
    "infoBlockProperties": 45,
    "§6infoBeeCount§r": 46,
    "§6infoComparatorOutput§r": 47,
    "infoHoneyLevel": 48,
    "§6infoFurnaceXp§r": 49,
    "infoEntityRegistryName": 50,
    "infoLookingAtEntity": 51,
    "infoLookingAtEffects": 52,
    "infoLookingAtPlayerExp": 53,
    "infoZombieConversion": 54,
    "infoHorseSpeed": 55,
    "infoHorseJump": 56,
    "infoPandaGene": 57,
    "infoDolphinTreasure": 58,
    "infoEntityVariant": 59,
    "infoEntityHomePos": 60,
    "infoEntityCopperAging": 61
  },
  "Colors": {
    "beaconRangeLvl1": "#20E060FF",
    "beaconRangeLvl2": "#20FFB040",
    "beaconRangeLvl3": "#20FFF040",
    "beaconRangeLvl4": "#2060FF40",
    "blockGridOverlayColor": "#80FFFFFF",
    "conduitRange": "#2030FFFF",
    "conduitRangeOutlines": "#80FFFFFF",
    "lightLevelMarkerBlockLit": "#FF209040",
    "lightLevelMarkerDark": "#FFFF4848",
    "lightLevelMarkerDim": "#FFC0C040",
    "lightLevelMarkerSkyLit": "#FFFFFF33",
    "lightLevelNumberBlockDark": "#FFC03030",
    "lightLevelNumberBlockDim": "#FFC0C040",
    "lightLevelNumberBlockLit": "#FF20FF40",
    "lightLevelNumberSkyDark": "#FFFFF030",
    "lightLevelNumberSkyDim": "#FFC0C030",
    "lightLevelNumberSkyLit": "#FF40E0FF",
    "randomTicksFixedOverlayColor": "#30F9F225",
    "randomTicksPlayerOverlayColor": "#3030FE73",
    "regionOverlayColor": "#30FF8019",
    "shapeAdjustableSpawnSphere": "#6030B0B0",
    "shapeBox": "#6050A0A0",
    "shapeCanDespawnSphere": "#60A04050",
    "shapeCanSpawnSphere": "#60A04050",
    "shapeCircle": "#6030B0B0",
    "shapeDespawnSphere": "#60A04050",
    "shapeLineBlocky": "#6030F0B0",
    "shapeSphereBlocky": "#6030B0B0",
    "slimeChunksOverlayColor": "#3020F020",
    "spawnPlayerEntityOverlayColor": "#302050D0",
    "spawnPlayerRedstoneOverlayColor": "#30F8D641",
    "spawnPlayerLazyOverlayColor": "#30D030D0",
    "spawnPlayerOuterOverlayColor": "#306900D2",
    "spawnRealEntityOverlayColor": "#3030FF20",
    "spawnRealRedstoneOverlayColor": "#30F8D641",
    "spawnRealLazyOverlayColor": "#30FF3020",
    "spawnRealOuterOverlayColor": "#309D581A",
    "spawnableColumnHeightsOverlayColor": "#A0FF00FF",
    "textBackgroundColor": "#A0505050",
    "textColor": "#FFE0E0E0"
  },
  "Generic": {
    "axolotlTooltips": false,
    "beeTooltips": false,
    "disableVanillaBeeTooltips": false,
    "bundleTooltips": true,
    "bundleTooltipsFillLevel": 64,
    "customModelTooltips": false,
    "foodTooltips": false,
    "honeyTooltips": false,
    "lodestoneTooltips": false,
    "biomeOverlaySingleColor": true,
    "bundlePreview": false,
    "bundleDisplayBgColor": true,
    "bundleDisplayRequireShift": true,
    "bundleDisplayRowWidth": 9,
    "debugMessages": false,
    "dontClearStoredSeedOnDimensionChange": true,
    "conduitRangeOverlayCombineQuads": true,
    "conduitRangeOverlayOutlines": false,
    "conduitRangeOverlayThrough": false,
    "hudDataSync": {
      "enabled": false,
      "hotkey": {
        "keys": ""
      }
    },
    "entityDataSync": {
      "enabled": false,
      "hotkey": {
        "keys": ""
      }
    },
    "entityDataSyncBackup": false,
    "entityDataSyncBackupOpenToLan": false,
    "entityDataSyncCacheRefresh": 0.25,
    "entityDataSyncCacheTimeout": 0.75,
    "lightLevelAutoHeight": false,
    "lightLevelCollisionCheck": false,
    "lightLevelColoredNumbers": true,
    "lightLevelNumberRotation": true,
    "lightLevelRenderThrough": false,
    "lightLevelSkipBlockCheck": false,
    "lightLevelUnderWater": false,
    "mapPreview": false,
    "mapPreviewRequireShift": true,
    "offsetSubtitleHud": true,
    "requireSneak": false,
    "shulkerBoxPreview": false,
    "shulkerDisplayBgColor": true,
    "shulkerDisplayEnderChest": false,
    "shulkerDisplayRequireShift": true,
    "slimeChunkRenderThrough": false,
    "slimeChunkTopToPlayer": true,
    "sortLinesByLength": false,
    "sortLinesReversed": false,
    "spawnPlayerOuterOverlayEnabled": false,
    "spawnPlayerRedstoneOverlayEnabled": false,
    "spawnRealOuterOverlayEnabled": false,
    "spawnRealRedstoneOverlayEnabled": false,
    "speedUnits": "mps",
    "structuresRenderThrough": false,
    "useCustomizedCoordinateFormat": true,
    "useFontShadow": false,
    "useTextBackground": true,
    "mainRenderingToggle": {
      "enabled": false,
      "hotkey": {
        "keys": "H"
      }
    },
    "moveShapeToPlayer": {
      "keys": ""
    },
    "openConfigGui": {
      "keys": "H,C"
    },
    "requiredKey": {
      "keys": ""
    },
    "serverNbtRequestRate": 2,
    "setDistanceReferencePoint": {
      "keys": ""
    },
    "shapeEditor": {
      "keys": ""
    },
    "blockGridOverlayMode": "all",
    "lightLevelMarkerCondition": "spawnable",
    "lightLevelMarkers": "square",
    "lightLevelNumberCondition": "always",
    "lightLevelNumbers": "block",
    "hudAlignment": "top_left",
    "biomeOverlayRange": 4,
    "biomeOverlayRangeVertical": 0,
    "blockPosFormat": "Block: %d, %d, %d",
    "blockGridOverlayRadius": 32,
    "coordinateFormat": "x: %.1f y: %.1f z: %.1f",
    "copperAgingMode": "mc_time",
    "dateFormatType": "regular",
    "dateFormatString": "yyyy-MM-dd HH:mm:ss",
    "dateFormatMinecraft": "MC time: (day {DAY}) {HOUR}:{MIN}:xx",
    "durationFormatType": "pretty",
    "durationFormatString": "HH:mm:ss.SSS",
    "fontScale": 0.5,
    "hudStatusEffectsShift": {
      "enabled": true,
      "hotkey": {
        "keys": ""
      }
    },
    "lightLevelMarkerSize": 0.84,
    "lightLevelNumberOffsetBlockX": 0.26,
    "lightLevelNumberOffsetBlockY": 0.32,
    "lightLevelNumberOffsetSkyX": 0.42,
    "lightLevelNumberOffsetSkyY": 0.56,
    "lightLevelRange": 24,
    "lightLevelThresholdDim": 0,
    "lightLevelThresholdSafe": 1,
    "lightLevelRenderOffset": 0.005,
    "mapPreviewSize": 160,
    "slimeChunkOverlayRadius": -1,
    "spawnableColumnHeightsOverlayRadius": 40,
    "textPosX": 4,
    "textPosY": 4,
    "timeDayDivisor": 24000,
    "timeTotalDivisor": 24000,
    "inventoryPreview": {
      "keys": "LEFT_ALT"
    },
    "inventoryPreviewEnabled": false,
    "inventoryPreviewToggleScreen": {
      "keys": "BUTTON_3"
    },
    "inventoryPreviewVillagerBGColor": false,
    "villagerConversionTicks": true,
    "villagerOfferEnchantmentBooks": true,
    "villagerOfferPriceRange": true,
    "villagerOfferHighestLevelOnly": false,
    "villagerOfferLowestPriceNearby": false,
    "villagerOfferPriceThreshold": 1.0
  },
  "InfoTypeToggles": {
    "infoFPS": false,
    "infoGPU": false,
    "infoMemoryUsage": false,
    "infoTimeIRL": true,
    "infoTimeWorld": false,
    "infoWorldTimeFormatted": false,
    "infoCoordinates": true,
    "infoCoordinatesScaled": false,
    "infoBlockPosition": false,
    "infoChunkPosition": false,
    "infoBlockInChunk": false,
    "infoDimensionId": false,
    "infoFacing": true,
    "infoRotationYaw": false,
    "infoRotationPitch": false,
    "infoBlockBreakSpeed": false,
    "infoPlayerExperience": false,
    "infoSpeed": false,
    "infoSpeedAxis": false,
    "infoSpeedHV": false,
    "infoSprinting": false,
    "infoServerTPS": false,
    "§6infoServux§r": false,
    "infoPing": false,
    "§6infoWeather§r": false,
    "infoTimeTotalModulo": false,
    "infoTimeDayModulo": false,
    "§6infoMobCaps§r": false,
    "infoParticleCount": false,
    "infoDifficulty": false,
    "infoEntities": false,
    "infoEntitiesClientWorld": false,
    "infoTileEntities": false,
    "infoLightLevel": false,
    "infoBiome": false,
    "infoBiomeRegistryName": false,
    "infoDistance": false,
    "infoLoadedChunksCount": false,
    "infoChunkSections": false,
    "infoChunkSectionsLine": false,
    "infoChunkUpdates": false,
    "infoRegionFile": false,
    "infoSlimeChunk": false,
    "infoLookingAtBlock": false,
    "infoLookingAtBlockInChunk": false,
    "infoBlockProperties": false,
    "§6infoBeeCount§r": false,
    "§6infoComparatorOutput§r": false,
    "infoHoneyLevel": false,
    "§6infoFurnaceXp§r": false,
    "infoEntityRegistryName": false,
    "infoLookingAtEntity": false,
    "infoLookingAtEffects": false,
    "infoLookingAtPlayerExp": false,
    "infoZombieConversion": false,
    "infoHorseSpeed": false,
    "infoHorseJump": false,
    "infoPandaGene": false,
    "infoDolphinTreasure": false,
    "infoEntityVariant": false,
    "infoEntityHomePos": false,
    "infoEntityCopperAging": false
  },
  "InfoHotkeys": {
    "infoFPS": {
      "keys": ""
    },
    "infoGPU": {
      "keys": ""
    },
    "infoMemoryUsage": {
      "keys": ""
    },
    "infoTimeIRL": {
      "keys": ""
    },
    "infoTimeWorld": {
      "keys": ""
    },
    "infoWorldTimeFormatted": {
      "keys": ""
    },
    "infoCoordinates": {
      "keys": ""
    },
    "infoCoordinatesScaled": {
      "keys": ""
    },
    "infoBlockPosition": {
      "keys": ""
    },
    "infoChunkPosition": {
      "keys": ""
    },
    "infoBlockInChunk": {
      "keys": ""
    },
    "infoDimensionId": {
      "keys": ""
    },
    "infoFacing": {
      "keys": ""
    },
    "infoRotationYaw": {
      "keys": ""
    },
    "infoRotationPitch": {
      "keys": ""
    },
    "infoBlockBreakSpeed": {
      "keys": ""
    },
    "infoPlayerExperience": {
      "keys": ""
    },
    "infoSpeed": {
      "keys": ""
    },
    "infoSpeedAxis": {
      "keys": ""
    },
    "infoSpeedHV": {
      "keys": ""
    },
    "infoSprinting": {
      "keys": ""
    },
    "infoServerTPS": {
      "keys": ""
    },
    "§6infoServux§r": {
      "keys": ""
    },
    "infoPing": {
      "keys": ""
    },
    "§6infoWeather§r": {
      "keys": ""
    },
    "infoTimeTotalModulo": {
      "keys": ""
    },
    "infoTimeDayModulo": {
      "keys": ""
    },
    "§6infoMobCaps§r": {
      "keys": ""
    },
    "infoParticleCount": {
      "keys": ""
    },
    "infoDifficulty": {
      "keys": ""
    },
    "infoEntities": {
      "keys": ""
    },
    "infoEntitiesClientWorld": {
      "keys": ""
    },
    "infoTileEntities": {
      "keys": ""
    },
    "infoLightLevel": {
      "keys": ""
    },
    "infoBiome": {
      "keys": ""
    },
    "infoBiomeRegistryName": {
      "keys": ""
    },
    "infoDistance": {
      "keys": ""
    },
    "infoLoadedChunksCount": {
      "keys": ""
    },
    "infoChunkSections": {
      "keys": ""
    },
    "infoChunkSectionsLine": {
      "keys": ""
    },
    "infoChunkUpdates": {
      "keys": ""
    },
    "infoRegionFile": {
      "keys": ""
    },
    "infoSlimeChunk": {
      "keys": ""
    },
    "infoLookingAtBlock": {
      "keys": ""
    },
    "infoLookingAtBlockInChunk": {
      "keys": ""
    },
    "infoBlockProperties": {
      "keys": ""
    },
    "§6infoBeeCount§r": {
      "keys": ""
    },
    "§6infoComparatorOutput§r": {
      "keys": ""
    },
    "infoHoneyLevel": {
      "keys": ""
    },
    "§6infoFurnaceXp§r": {
      "keys": ""
    },
    "infoEntityRegistryName": {
      "keys": ""
    },
    "infoLookingAtEntity": {
      "keys": ""
    },
    "infoLookingAtEffects": {
      "keys": ""
    },
    "infoLookingAtPlayerExp": {
      "keys": ""
    },
    "infoZombieConversion": {
      "keys": ""
    },
    "infoHorseSpeed": {
      "keys": ""
    },
    "infoHorseJump": {
      "keys": ""
    },
    "infoPandaGene": {
      "keys": ""
    },
    "infoDolphinTreasure": {
      "keys": ""
    },
    "infoEntityVariant": {
      "keys": ""
    },
    "infoEntityHomePos": {
      "keys": ""
    },
    "infoEntityCopperAging": {
      "keys": ""
    }
  },
  "RendererToggles": {
    "overlayBeaconRange": false,
    "overlayBiomeBorder": false,
    "overlayBlockGrid": false,
    "overlayConduitRange": false,
    "overlayLightLevel": false,
    "overlayRandomTicksFixed": false,
    "overlayRandomTicksPlayer": false,
    "overlayRegionFile": false,
    "overlaySlimeChunks": false,
    "overlaySpawnableColumnHeights": false,
    "overlaySpawnChunkReal": false,
    "overlaySpawnChunkPlayer": false,
    "§6overlayStructureMainToggle§r": false,
    "§6overlayVillagerInfo§r": false,
    "shapeRenderer": false,
    "debugChunkBorder": false,
    "debugChunkInfo": false,
    "debugChunkOcclusion": false,
    "debugOctreeEnabled": false
  },
  "RendererHotkeys": {
    "overlayBeaconRange": {
      "keys": ""
    },
    "overlayBiomeBorder": {
      "keys": ""
    },
    "overlayBlockGrid": {
      "keys": ""
    },
    "overlayConduitRange": {
      "keys": ""
    },
    "overlayLightLevel": {
      "keys": ""
    },
    "overlayRandomTicksFixed": {
      "keys": ""
    },
    "overlayRandomTicksPlayer": {
      "keys": ""
    },
    "overlayRegionFile": {
      "keys": ""
    },
    "overlaySlimeChunks": {
      "keys": ""
    },
    "overlaySpawnableColumnHeights": {
      "keys": ""
    },
    "overlaySpawnChunkReal": {
      "keys": ""
    },
    "overlaySpawnChunkPlayer": {
      "keys": ""
    },
    "§6overlayStructureMainToggle§r": {
      "keys": ""
    },
    "§6overlayVillagerInfo§r": {
      "keys": ""
    },
    "shapeRenderer": {
      "keys": ""
    },
    "debugChunkBorder": {
      "keys": ""
    },
    "debugChunkInfo": {
      "keys": ""
    },
    "debugChunkOcclusion": {
      "keys": ""
    },
    "debugOctreeEnabled": {
      "keys": ""
    }
  },
  "StructureColors": {
    "Ancient City Main": "#20D10AE6",
    "Ancient City Components": "#30D506C9",
    "Bastion Remnant Main": "#202171F5",
    "Bastion Remnant Components": "#302171F5",
    "Buried Treasure Main": "#302298E6",
    "Buried Treasure Components": "#302298E6",
    "Desert Pyramid Main": "#20FFFF00",
    "Desert Pyramid Components": "#30FFFF00",
    "End City Main": "#20EB07EB",
    "End City Components": "#30EB07EB",
    "Igloo Main": "#200FAFE4",
    "Igloo Components": "#300FAFE4",
    "Jungle Temple Main": "#2099FF00",
    "Jungle Temple Components": "#3099FF00",
    "Mansion Main": "#20FF6500",
    "Mansion Components": "#30FF6500",
    "Mineshaft Main": "#20F8D650",
    "Mineshaft Components": "#30F8D650",
    "Nether Fortress Main": "#20FC381D",
    "Nether Fortress Components": "#30FC381D",
    "Nether Fossil Main": "#30868E99",
    "Nether Fossil Components": "#30868E99",
    "Ocean Monument Main": "#2029E6EF",
    "Ocean Monument Components": "#3029E6EF",
    "Ocean Ruin Main": "#200FAD83",
    "Ocean Ruin Components": "#300FAD83",
    "Pillager Outpost Main": "#200FAD83",
    "Pillager Outpost Components": "#300FAD83",
    "Ruined Portal Main": "#309F03D3",
    "Ruined Portal Components": "#309F03D3",
    "Shipwreck Main": "#30EB1995",
    "Shipwreck Components": "#30EB1995",
    "Stronghold Main": "#20009999",
    "Stronghold Components": "#30009999",
    "Trial Chambers Main": "#2099664E",
    "Trial Chambers Components": "#30CC8868",
    "Village Main": "#2054CB4E",
    "Village Components": "#3054CB4E",
    "Witch Hut Main": "#20BE1DFC",
    "Witch Hut Components": "#300099FF",
    "Trail Ruins Main": "#207F5AFF",
    "Trail Ruins Components": "#307F5AFF",
    "Unknown Main": "#30FFFFFF",
    "Unknown Components": "#30FFFFFF"
  },
  "StructureHotkeys": {
    "Toggle Ancient City": {
      "keys": ""
    },
    "Toggle Bastion Remnant": {
      "keys": ""
    },
    "Toggle Buried Treasure": {
      "keys": ""
    },
    "Toggle Desert Pyramid": {
      "keys": ""
    },
    "Toggle End City": {
      "keys": ""
    },
    "Toggle Igloo": {
      "keys": ""
    },
    "Toggle Jungle Temple": {
      "keys": ""
    },
    "Toggle Mansion": {
      "keys": ""
    },
    "Toggle Mineshaft": {
      "keys": ""
    },
    "Toggle Nether Fortress": {
      "keys": ""
    },
    "Toggle Nether Fossil": {
      "keys": ""
    },
    "Toggle Ocean Monument": {
      "keys": ""
    },
    "Toggle Ocean Ruin": {
      "keys": ""
    },
    "Toggle Pillager Outpost": {
      "keys": ""
    },
    "Toggle Ruined Portal": {
      "keys": ""
    },
    "Toggle Shipwreck": {
      "keys": ""
    },
    "Toggle Stronghold": {
      "keys": ""
    },
    "Toggle Trial Chambers": {
      "keys": ""
    },
    "Toggle Village": {
      "keys": ""
    },
    "Toggle Witch Hut": {
      "keys": ""
    },
    "Toggle Trail Ruins": {
      "keys": ""
    },
    "Toggle Unknown": {
      "keys": ""
    }
  },
  "StructureToggles": {
    "Ancient City": false,
    "Bastion Remnant": false,
    "Buried Treasure": false,
    "Desert Pyramid": false,
    "End City": false,
    "Igloo": false,
    "Jungle Temple": false,
    "Mansion": false,
    "Mineshaft": false,
    "Nether Fortress": false,
    "Nether Fossil": false,
    "Ocean Monument": false,
    "Ocean Ruin": false,
    "Pillager Outpost": false,
    "Ruined Portal": false,
    "Shipwreck": false,
    "Stronghold": false,
    "Trial Chambers": false,
    "Village": false,
    "Witch Hut": false,
    "Trail Ruins": false,
    "Unknown": false
  },
  "config_version": 1
}