{
  "grace_period": 3,
  "grace_period_applies_to_traps": false,
  "herobrine_starer_chance": 120000,
  "herobrine_starer_enable": true,
  "fake_joiner_chance": 720000,
  "fake_joiner_enable": true,
  "jumpscare_chance": 1080000,
  "jumpscare_enable": true,
  "long_night_chance": 75,
  "long_night_enable": true,
  "break_torches_chance": 720000,
  "break_torches_enable": true,
  "replace_torches_chance": 720000,
  "replace_torches_enable": true,
  "random_lightning_chance": 1800000,
  "random_lightning_enable": true,
  "fake_mining_chance": 500000,
  "fake_mining_enable": true,
  "fake_steps_chance": 500000,
  "fake_steps_enable": true,
  "setting_up_new_traps_chance": 1500000,
  "setting_up_new_traps_enable": true,
  "burn_down_house_chance_per_wake_up": 100,
  "burn_down_house_enable": false,
  "joining_on_bedrock_chance": 70,
  "joining_on_bedrock_enable": false,
  "joining_in_dungeon_chance": 140,
  "joining_in_dungeon_enable": true,
  "removing_leaves_chance": 2000000,
  "removing_leaves_enable": false,
  "random_signs_chance": 500000,
  "random_signs_enable": true,
  "random_signs_texts": [
    "GG\n \n \n ",
    " \nBehind you\n \n ",
    " \nBAF\n \n ",
    " \n \n \nGG",
    " \n \n \n ",
    "null\n \n \n ",
    "Help!\nNull is here!\nTell everyone\nabout me!",
    "Leave\n \n \n:)",
    "I am\nwatching\n \n ",
    " \nYou shouldn’t\nbe here\n ",
    "I saw what\nyou did\n \n ",
    "This world\nisn’t yours\n \n ",
    "You don’t\nbelong here\n \n ",
    "The door\nis open\n \n ",
    "It’s already\ninside\n \n ",
    "I was here\n \n \n ",
    "DO NOT\n \n \nFORGET",
    "DO NOT\n \nRUN\n ",
    " \nI can’t feel\nmy hands\n ",
    "It hurts to\nbreathe\n \n ",
    "Buried alive\n \n \n ",
    "Still here\n \n \n ",
    "EZ\n \n \n ",
    "Projekt_M\nwas here\n \n ",
    "I am from Mars\n \n \n "
  ],
  "random_fake_joiner_chance": 720000,
  "random_fake_joiner_enable": true,
  "random_fake_joiner_list": [
    "Projekt_M;BAF;wusup;Huh, wrong server;Hello?;I want to play with you;Want to be friends?",
    "IceBreak;Make a wish;No eyes always watches"
  ],
  "starer_chance": 420000,
  "starer_enable": true,
  "starer_list": [
    "Projekt_M",
    "IceBreak",
    "Filios14",
    "Ray857",
    "Harlock195",
    "MenT97",
    "DanTDM"
  ],
  "heads_from_list_chance": 800000,
  "heads_from_list_enable": true,
  "heads_from_list_list": [
    "Projekt_M",
    "IceBreak",
    "Filios14",
    "Ray857",
    "Harlock195",
    "MenT97",
    "DanTDM"
  ],
  "random_heads_chance": 800000,
  "random_heads_enable": true,
  "old_villages_enable": true,
  "traps_enable": true
}