{
  "fabric-loader-0.17.3.jar (modloader)": {
    "jarName": "fabric-loader-0.17.3.jar (modloader)",
    "modId": "fabric",
    "version": "fabric-loader-0.17.3.jar"
  },
  "1.21.10-1.21.10-0.1.jar": {
    "jarName": "1.21.10-1.21.10-0.1.jar",
    "modId": "onlyhammersandexcavators",
    "version": "1.21.10-0.1"
  },
  "actuallyharvest-1.21.10-1.1.4.7-FABRIC.jar": {
    "jarName": "actuallyharvest-1.21.10-1.1.4.7-FABRIC.jar",
    "modId": "actuallyharvest",
    "version": "1.1.4.7"
  },
  "Almanac-1.21.9-fabric-1.4.6.jar": {
    "jarName": "Almanac-1.21.9-fabric-1.4.6.jar",
    "modId": "almanac",
    "version": "1.4.6"
  },
  "appleskin-fabric-mc1.21.9-3.0.7.jar": {
    "jarName": "appleskin-fabric-mc1.21.9-3.0.7.jar",
    "modId": "appleskin",
    "version": "3.0.7+mc1.21.9"
  },
  "attributefix-fabric-1.21.10-21.10.2.jar": {
    "jarName": "attributefix-fabric-1.21.10-21.10.2.jar",
    "modId": "attributefix",
    "version": "21.10.2"
  },
  "BadOptimizations-2.3.2-1.21.9.jar": {
    "jarName": "BadOptimizations-2.3.2-1.21.9.jar",
    "modId": "badoptimizations",
    "version": "2.3.2"
  },
  "balm-fabric-1.21.10-21.10.1.jar": {
    "jarName": "balm-fabric-1.21.10-21.10.1.jar",
    "modId": "balm",
    "version": "21.10.1"
  },
  "BetterAnimationsCollection-v21.10.0+mc1.21.10-Fabric.jar": {
    "jarName": "BetterAnimationsCollection-v21.10.0+mc1.21.10-Fabric.jar",
    "modId": "betteranimationscollection",
    "version": "21.10.0"
  },
  "BetterGrassify-1.8.0+fabric.1.21.8.jar": {
    "jarName": "BetterGrassify-1.8.0+fabric.1.21.8.jar",
    "modId": "bettergrass",
    "version": "1.8.0+fabric.1.21.8"
  },
  "bluemap-5.12-fabric.jar": {
    "jarName": "bluemap-5.12-fabric.jar",
    "modId": "bluemap",
    "version": "5.12"
  },
  "chat_heads-1.1.1-fabric-1.21.9.jar": {
    "jarName": "chat_heads-1.1.1-fabric-1.21.9.jar",
    "modId": "chat_heads",
    "version": "1.1.1"
  },
  "chatanimation-1.0.7.jar": {
    "jarName": "chatanimation-1.0.7.jar",
    "modId": "chatanimation",
    "version": "1.0.7"
  },
  "Chunky-Fabric-1.4.51.jar": {
    "jarName": "Chunky-Fabric-1.4.51.jar",
    "modId": "chunky",
    "version": "1.4.51"
  },
  "clientsort-fabric-2.0.3+1.21.10.jar": {
    "jarName": "clientsort-fabric-2.0.3+1.21.10.jar",
    "modId": "clientsort",
    "version": "2.0.3+1.21.10"
  },
  "cloth-config-20.0.148-fabric.jar": {
    "jarName": "cloth-config-20.0.148-fabric.jar",
    "modId": "cloth-config",
    "version": "20.0.148"
  },
  "Clumps-fabric-1.21.10-28.0.0.1.jar": {
    "jarName": "Clumps-fabric-1.21.10-28.0.0.1.jar",
    "modId": "clumps",
    "version": "28.0.0.1"
  },
  "collective-1.21.10-8.9.jar": {
    "jarName": "collective-1.21.10-8.9.jar",
    "modId": "collective",
    "version": "8.9"
  },
  "configured-fabric-1.21.10-2.7.2.jar": {
    "jarName": "configured-fabric-1.21.10-2.7.2.jar",
    "modId": "configured",
    "version": "2.7.2"
  },
  "Controlling-fabric-1.21.10-28.0.2.jar": {
    "jarName": "Controlling-fabric-1.21.10-28.0.2.jar",
    "modId": "controlling",
    "version": "28.0.2"
  },
  "CrashAssistant-fabric-1.21.5-1.21.10-1.10.12.jar": {
    "jarName": "CrashAssistant-fabric-1.21.5-1.21.10-1.10.12.jar",
    "modId": "crash_assistant",
    "version": "1.10.12"
  },
  "cwb-fabric-3.0.0+mc1.21.5.jar": {
    "jarName": "cwb-fabric-3.0.0+mc1.21.5.jar",
    "modId": "cubes-without-borders",
    "version": "3.0.0+mc1.21.5"
  },
  "deimos-1.21.10-fabric-2.4.jar": {
    "jarName": "deimos-1.21.10-fabric-2.4.jar",
    "modId": "deimos",
    "version": "2.4"
  },
  "DistantHorizons-2.3.6-b-1.21.10-fabric-neoforge.jar": {
    "jarName": "DistantHorizons-2.3.6-b-1.21.10-fabric-neoforge.jar",
    "modId": "distanthorizons",
    "version": "2.3.6-b"
  },
  "dynamic-fps-3.9.6+minecraft-1.21.9-fabric.jar": {
    "jarName": "dynamic-fps-3.9.6+minecraft-1.21.9-fabric.jar",
    "modId": "dynamic_fps",
    "version": "3.9.6"
  },
  "dynamiclights-v1.9+bump-mc1.17-1.21.10-mod.jar": {
    "jarName": "dynamiclights-v1.9+bump-mc1.17-1.21.10-mod.jar",
    "modId": "dynamiclights",
    "version": "1.9+bump+mod"
  },
  "elevatorid-fabric-1.21.9-1.14.5.jar": {
    "jarName": "elevatorid-fabric-1.21.9-1.14.5.jar",
    "modId": "elevatorid",
    "version": "1.21.9-1.14.5"
  },
  "entity_model_features_1.21.9-fabric-3.0.3.jar": {
    "jarName": "entity_model_features_1.21.9-fabric-3.0.3.jar",
    "modId": "entity_model_features",
    "version": "3.0.3"
  },
  "entity_texture_features-7.0.4-1.21.9-fabric.jar": {
    "jarName": "entity_texture_features-7.0.4-1.21.9-fabric.jar",
    "modId": "entity_texture_features",
    "version": "7.0.4"
  },
  "entityculling-fabric-1.9.1-mc1.21.10.jar": {
    "jarName": "entityculling-fabric-1.9.1-mc1.21.10.jar",
    "modId": "entityculling",
    "version": "1.9.1"
  },
  "fabric-api-0.135.0+1.21.10.jar": {
    "jarName": "fabric-api-0.135.0+1.21.10.jar",
    "modId": "fabric-api",
    "version": "0.135.0+1.21.10"
  },
  "fabric-language-kotlin-1.13.6+kotlin.2.2.20.jar": {
    "jarName": "fabric-language-kotlin-1.13.6+kotlin.2.2.20.jar",
    "modId": "fabric-language-kotlin",
    "version": "1.13.6+kotlin.2.2.20"
  },
  "fancymenu_fabric_3.7.2_MC_1.21.10.jar": {
    "jarName": "fancymenu_fabric_3.7.2_MC_1.21.10.jar",
    "modId": "fancymenu",
    "version": "3.7.2"
  },
  "FastItemFrames-v21.10.0+mc1.21.10-Fabric.jar": {
    "jarName": "FastItemFrames-v21.10.0+mc1.21.10-Fabric.jar",
    "modId": "fastitemframes",
    "version": "21.10.0"
  },
  "ForgeConfigAPIPort-v21.10.0+mc1.21.10-Fabric.jar": {
    "jarName": "ForgeConfigAPIPort-v21.10.0+mc1.21.10-Fabric.jar",
    "modId": "forgeconfigapiport",
    "version": "21.10.0"
  },
  "FpsReducer2-fabric-1.21.9-2.14.jar": {
    "jarName": "FpsReducer2-fabric-1.21.9-2.14.jar",
    "modId": "fpsreducer",
    "version": "1.21.9-2.14"
  },
  "framework-fabric-1.21.10-0.13.1.jar": {
    "jarName": "framework-fabric-1.21.10-0.13.1.jar",
    "modId": "framework",
    "version": "0.13.1"
  },
  "fusion-1.2.11-fabric-mc1.21.9.jar": {
    "jarName": "fusion-1.2.11-fabric-mc1.21.9.jar",
    "modId": "fusion",
    "version": "1.2.11"
  },
  "fzzy_config-0.7.2+1.21.9.jar": {
    "jarName": "fzzy_config-0.7.2+1.21.9.jar",
    "modId": "fzzy_config",
    "version": "0.7.2+1.21.9"
  },
  "GlitchCore-fabric-1.21.10-21.9.0.3.jar": {
    "jarName": "GlitchCore-fabric-1.21.10-21.9.0.3.jar",
    "modId": "glitchcore",
    "version": "21.9.0.3"
  },
  "ImmediatelyFast-Fabric-1.13.1+1.21.10.jar": {
    "jarName": "ImmediatelyFast-Fabric-1.13.1+1.21.10.jar",
    "modId": "immediatelyfast",
    "version": "1.13.1+1.21.10"
  },
  "iris-fabric-1.9.6+mc1.21.9.jar": {
    "jarName": "iris-fabric-1.9.6+mc1.21.9.jar",
    "modId": "iris",
    "version": "1.9.6+mc1.21.9"
  },
  "Jade-1.21.9-Fabric-20.0.5.jar": {
    "jarName": "Jade-1.21.9-Fabric-20.0.5.jar",
    "modId": "jade",
    "version": "20.0.5+fabric"
  },
  "justzoom_fabric_2.1.2_MC_1.21.10.jar": {
    "jarName": "justzoom_fabric_2.1.2_MC_1.21.10.jar",
    "modId": "justzoom",
    "version": "2.1.2"
  },
  "konkrete_fabric_1.9.13_MC_1.21.10.jar": {
    "jarName": "konkrete_fabric_1.9.13_MC_1.21.10.jar",
    "modId": "konkrete",
    "version": "1.9.13"
  },
  "Letmedespawn-1.21.9-fabric-1.5.2b.jar": {
    "jarName": "Letmedespawn-1.21.9-fabric-1.5.2b.jar",
    "modId": "letmedespawn",
    "version": "1.5.2b"
  },
  "litematica-fabric-1.21.10-0.24.2.jar": {
    "jarName": "litematica-fabric-1.21.10-0.24.2.jar",
    "modId": "litematica",
    "version": "0.24.2-sakura.1"
  },
  "litematica-fabric-1.21.10-rc1-0.24.1.jar": {
    "jarName": "litematica-fabric-1.21.10-rc1-0.24.1.jar",
    "modId": "litematica",
    "version": "0.24.1"
  },
  "litematica_wand-1.0.5-1.21.10.jar": {
    "jarName": "litematica_wand-1.0.5-1.21.10.jar",
    "modId": "litematica_wand",
    "version": "1.0.5-1.21.10"
  },
  "lithium-fabric-0.20.0+mc1.21.10.jar": {
    "jarName": "lithium-fabric-0.20.0+mc1.21.10.jar",
    "modId": "lithium",
    "version": "0.20.0+mc1.21.10"
  },
  "livingthings-fabric-1.21.10-2.3.0.jar": {
    "jarName": "livingthings-fabric-1.21.10-2.3.0.jar",
    "modId": "livingthings",
    "version": "1.21.10-2.3.0"
  },
  "malilib-fabric-1.21.10-0.26.3.jar": {
    "jarName": "malilib-fabric-1.21.10-0.26.3.jar",
    "modId": "malilib",
    "version": "0.26.3-sakura.2"
  },
  "melody_fabric_1.0.13_MC_1.21.10.jar": {
    "jarName": "melody_fabric_1.0.13_MC_1.21.10.jar",
    "modId": "melody",
    "version": "1.0.13"
  },
  "minihud-fabric-1.21.10-0.37.2.jar": {
    "jarName": "minihud-fabric-1.21.10-0.37.2.jar",
    "modId": "minihud",
    "version": "0.37.2-sakura.1"
  },
  "modelfix-1.21.10-1.12-fabric.jar": {
    "jarName": "modelfix-1.21.10-1.12-fabric.jar",
    "modId": "modelfix",
    "version": "1.21.10-1.12"
  },
  "modmenu-15.0.0.jar": {
    "jarName": "modmenu-15.0.0.jar",
    "modId": "modmenu",
    "version": "15.0.0"
  },
  "modmenu-v16.0.0-1.21.9-1.21.10.jar": {
    "jarName": "modmenu-v16.0.0-1.21.9-1.21.10.jar",
    "modId": "modmenu",
    "version": "v16.0.0-rc.1+1.21.9.ef0a115"
  },
  "MouseTweaks-fabric-mc1.21.9-2.29.jar": {
    "jarName": "MouseTweaks-fabric-mc1.21.9-2.29.jar",
    "modId": "mousetweaks",
    "version": "2.29"
  },
  "NE-1.21.10-1.10.2.jar": {
    "jarName": "NE-1.21.10-1.10.2.jar",
    "modId": "noexpensive",
    "version": "1.21.10-1.10.2"
  },
  "netherportalfix-fabric-1.21.10-21.10.1.jar": {
    "jarName": "netherportalfix-fabric-1.21.10-21.10.1.jar",
    "modId": "netherportalfix",
    "version": "21.10.1"
  },
  "notenoughanimations-fabric-1.10.4.1-mc1.21.10.jar": {
    "jarName": "notenoughanimations-fabric-1.10.4.1-mc1.21.10.jar",
    "modId": "notenoughanimations",
    "version": "1.10.4.1"
  },
  "optiboxes-1.6+1.21.9-fabric.jar": {
    "jarName": "optiboxes-1.6+1.21.9-fabric.jar",
    "modId": "optiboxes",
    "version": "1.6"
  },
  "particular-1.21.10-Fabric-1.3.1.jar": {
    "jarName": "particular-1.21.10-Fabric-1.3.1.jar",
    "modId": "particular",
    "version": "1.3.1"
  },
  "Ping-Wheel-1.11.1-fabric-1.21.10.jar": {
    "jarName": "Ping-Wheel-1.11.1-fabric-1.21.10.jar",
    "modId": "ping-wheel",
    "version": "1.11.1"
  },
  "placeholder-api-2.8.0+1.21.9.jar": {
    "jarName": "placeholder-api-2.8.0+1.21.9.jar",
    "modId": "placeholder-api",
    "version": "2.8.0+1.21.9"
  },
  "polymer-bundled-0.14.2+1.21.9.jar": {
    "jarName": "polymer-bundled-0.14.2+1.21.9.jar",
    "modId": "polymer-bundled",
    "version": "0.14.2+1.21.9"
  },
  "prickle-fabric-1.21.10-21.10.2.jar": {
    "jarName": "prickle-fabric-1.21.10-21.10.2.jar",
    "modId": "prickle",
    "version": "21.10.2"
  },
  "puffish_attributes-0.7.6-1.21.9-fabric.jar": {
    "jarName": "puffish_attributes-0.7.6-1.21.9-fabric.jar",
    "modId": "puffish_attributes",
    "version": "0.7.6"
  },
  "puffish_skills-0.16.8-1.21.9-fabric.jar": {
    "jarName": "puffish_skills-0.16.8-1.21.9-fabric.jar",
    "modId": "puffish_skills",
    "version": "0.16.8"
  },
  "PuzzlesLib-v21.10.3+mc1.21.10-Fabric.jar": {
    "jarName": "PuzzlesLib-v21.10.3+mc1.21.10-Fabric.jar",
    "modId": "puzzleslib",
    "version": "21.10.3"
  },
  "refurbished_furniture-fabric-1.21.10-1.0.20.jar": {
    "jarName": "refurbished_furniture-fabric-1.21.10-1.0.20.jar",
    "modId": "refurbished_furniture",
    "version": "1.0.20"
  },
  "return-my-gold-farm-2.0.0.jar": {
    "jarName": "return-my-gold-farm-2.0.0.jar",
    "modId": "return-my-gold-farm",
    "version": "2.0.0"
  },
  "Searchables-fabric-1.21.10-1.0.2.jar": {
    "jarName": "Searchables-fabric-1.21.10-1.0.2.jar",
    "modId": "searchables",
    "version": "1.0.2"
  },
  "servercore-fabric-1.5.14+1.21.9.jar": {
    "jarName": "servercore-fabric-1.5.14+1.21.9.jar",
    "modId": "servercore",
    "version": "1.5.14+1.21.9"
  },
  "serversidehorror-1.21.10-fabric-3.jar": {
    "jarName": "serversidehorror-1.21.10-fabric-3.jar",
    "modId": "serversidehorror",
    "version": "3"
  },
  "simplemenu-1.21.10-2.1.jar": {
    "jarName": "simplemenu-1.21.10-2.1.jar",
    "modId": "simplemenu",
    "version": "2.1"
  },
  "skinlayers3d-fabric-1.9.2-mc1.21.10.jar": {
    "jarName": "skinlayers3d-fabric-1.9.2-mc1.21.10.jar",
    "modId": "skinlayers3d",
    "version": "1.9.2"
  },
  "sodium-fabric-0.7.2+mc1.21.10.jar": {
    "jarName": "sodium-fabric-0.7.2+mc1.21.10.jar",
    "modId": "sodium",
    "version": "0.7.2+mc1.21.10"
  },
  "sound-physics-remastered-fabric-1.21.10-1.5.1.jar": {
    "jarName": "sound-physics-remastered-fabric-1.21.10-1.5.1.jar",
    "modId": "sound_physics_remastered",
    "version": "1.21.10-1.5.1"
  },
  "spark-1.10.152-fabric.jar": {
    "jarName": "spark-1.10.152-fabric.jar",
    "modId": "spark",
    "version": "1.10.152"
  },
  "status-fabric-1.21.10-1.1.0.jar": {
    "jarName": "status-fabric-1.21.10-1.1.0.jar",
    "modId": "status",
    "version": "1.21.10-1.1.0"
  },
  "trade-cycling-fabric-1.21.10-1.0.19.jar": {
    "jarName": "trade-cycling-fabric-1.21.10-1.0.19.jar",
    "modId": "trade_cycling",
    "version": "1.21.10-1.0.19"
  },
  "trashslot-fabric-1.21.10-21.10.1.jar": {
    "jarName": "trashslot-fabric-1.21.10-21.10.1.jar",
    "modId": "trashslot",
    "version": "21.10.1"
  },
  "tweakeroo-fabric-1.21.10-rc1-0.26.1.jar": {
    "jarName": "tweakeroo-fabric-1.21.10-rc1-0.26.1.jar",
    "modId": "tweakeroo",
    "version": "0.26.1"
  },
  "universal_shops-1.12.0+1.21.9.jar": {
    "jarName": "universal_shops-1.12.0+1.21.9.jar",
    "modId": "universal_shops",
    "version": "1.12.0+1.21.9"
  },
  "voicechat-fabric-1.21.10-2.6.6.jar": {
    "jarName": "voicechat-fabric-1.21.10-2.6.6.jar",
    "modId": "voicechat",
    "version": "1.21.10-2.6.6"
  },
  "waystones-fabric-1.21.10-21.10.1.jar": {
    "jarName": "waystones-fabric-1.21.10-21.10.1.jar",
    "modId": "waystones",
    "version": "21.10.1"
  },
  "wheredididie-1.21.10-1.0.jar": {
    "jarName": "wheredididie-1.21.10-1.0.jar",
    "modId": "wheredididie",
    "version": "1.0"
  },
  "Xaeros_Minimap_25.2.15_Fabric_1.21.9.jar": {
    "jarName": "Xaeros_Minimap_25.2.15_Fabric_1.21.9.jar",
    "modId": "xaerominimap",
    "version": "25.2.15"
  },
  "XaerosWorldMap_1.39.17_Fabric_1.21.9.jar": {
    "jarName": "XaerosWorldMap_1.39.17_Fabric_1.21.9.jar",
    "modId": "xaeroworldmap",
    "version": "1.39.17"
  }
}